房屋坐落	房地产公司名称	房屋用途	房屋套型	建筑面积	参考单价
陵镇芦荡路1299号尚林华庭28幢1001	华润置地（苏州）建设有限公司	住宅	1室1厅1卫	101.09	15158
陵镇芦荡路1299号尚林华庭28幢1002	华润置地（苏州）建设有限公司	住宅	1室1厅1卫	89.47	15258
陵镇芦荡路1299号尚林华庭28幢1003	华润置地（苏州）建设有限公司	住宅	1室1厅1卫	89.47	15258
陵镇芦荡路1299号尚林华庭28幢1004	华润置地（苏州）建设有限公司	住宅	1室1厅1卫	101.09	15108
陵镇芦荡路1299号尚林华庭28幢101	华润置地（苏州）建设有限公司	住宅	1室1厅1卫	101.09	14238
陵镇芦荡路1299号尚林华庭28幢102	华润置地（苏州）建设有限公司	住宅	1室1厅1卫	89.47	14338
陵镇芦荡路1299号尚林华庭28幢103	华润置地（苏州）建设有限公司	住宅	1室1厅1卫	89.47	14338
陵镇芦荡路1299号尚林华庭28幢104	华润置地（苏州）建设有限公司	住宅	1室1厅1卫	101.09	14188
陵镇芦荡路1299号尚林华庭28幢1101	华润置地（苏州）建设有限公司	住宅	1室1厅1卫	101.09	15208
陵镇芦荡路1299号尚林华庭28幢1102	华润置地（苏州）建设有限公司	住宅	1室1厅1卫	89.47	15308
陵镇芦荡路1299号尚林华庭28幢1103	华润置地（苏州）建设有限公司	住宅	1室1厅1卫	89.47	15308
陵镇芦荡路1299号尚林华庭28幢1104	华润置地（苏州）建设有限公司	住宅	1室1厅1卫	101.09	15158
陵镇芦荡路1299号尚林华庭28幢1201	华润置地（苏州）建设有限公司	住宅	1室1厅1卫	101.09	15258
陵镇芦荡路1299号尚林华庭28幢1202	华润置地（苏州）建设有限公司	住宅	1室1厅1卫	89.47	15358
陵镇芦荡路1299号尚林华庭28幢1203	华润置地（苏州）建设有限公司	住宅	1室1厅1卫	89.47	15358
陵镇芦荡路1299号尚林华庭28幢1204	华润置地（苏州）建设有限公司	住宅	1室1厅1卫	101.09	15208
陵镇芦荡路1299号尚林华庭28幢1301	华润置地（苏州）建设有限公司	住宅	1室1厅1卫	101.09	15308
陵镇芦荡路1299号尚林华庭28幢1302	华润置地（苏州）建设有限公司	住宅	1室1厅1卫	89.47	15408
陵镇芦荡路1299号尚林华庭28幢1303	华润置地（苏州）建设有限公司	住宅	1室1厅1卫	89.47	15408
陵镇芦荡路1299号尚林华庭28幢1304	华润置地（苏州）建设有限公司	住宅	1室1厅1卫	101.09	15258
陵镇芦荡路1299号尚林华庭28幢1401	华润置地（苏州）建设有限公司	住宅	1室1厅1卫	101.09	15308
陵镇芦荡路1299号尚林华庭28幢1402	华润置地（苏州）建设有限公司	住宅	1室1厅1卫	89.47	15408
陵镇芦荡路1299号尚林华庭28幢1403	华润置地（苏州）建设有限公司	住宅	1室1厅1卫	89.47	15408
陵镇芦荡路1299号尚林华庭28幢1404	华润置地（苏州）建设有限公司	住宅	1室1厅1卫	101.09	15258
陵镇芦荡路1299号尚林华庭28幢1501	华润置地（苏州）建设有限公司	住宅	1室1厅1卫	101.09	15358
陵镇芦荡路1299号尚林华庭28幢1502	华润置地（苏州）建设有限公司	住宅	1室1厅1卫	89.47	15458
陵镇芦荡路1299号尚林华庭28幢1503	华润置地（苏州）建设有限公司	住宅	1室1厅1卫	89.47	15458
陵镇芦荡路1299号尚林华庭28幢1504	华润置地（苏州）建设有限公司	住宅	1室1厅1卫	101.09	15308
陵镇芦荡路1299号尚林华庭28幢1601	华润置地（苏州）建设有限公司	住宅	1室1厅1卫	101.09	15408
陵镇芦荡路1299号尚林华庭28幢1602	华润置地（苏州）建设有限公司	住宅	1室1厅1卫	89.47	15508
陵镇芦荡路1299号尚林华庭28幢1603	华润置地（苏州）建设有限公司	住宅	1室1厅1卫	89.47	15508
陵镇芦荡路1299号尚林华庭28幢1604	华润置地（苏州）建设有限公司	住宅	1室1厅1卫	101.09	15358
陵镇芦荡路1299号尚林华庭28幢1701	华润置地（苏州）建设有限公司	住宅	1室1厅1卫	101.09	15458
陵镇芦荡路1299号尚林华庭28幢1702	华润置地（苏州）建设有限公司	住宅	1室1厅1卫	89.47	15558
陵镇芦荡路1299号尚林华庭28幢1703	华润置地（苏州）建设有限公司	住宅	1室1厅1卫	89.47	15558
陵镇芦荡路1299号尚林华庭28幢1704	华润置地（苏州）建设有限公司	住宅	1室1厅1卫	101.09	15408
陵镇芦荡路1299号尚林华庭28幢1801	华润置地（苏州）建设有限公司	住宅	1室1厅1卫	101.09	15508
陵镇芦荡路1299号尚林华庭28幢1802	华润置地（苏州）建设有限公司	住宅	1室1厅1卫	89.47	15608
陵镇芦荡路1299号尚林华庭28幢1803	华润置地（苏州）建设有限公司	住宅	1室1厅1卫	89.47	15608
陵镇芦荡路1299号尚林华庭28幢1804	华润置地（苏州）建设有限公司	住宅	1室1厅1卫	101.09	15458
陵镇芦荡路1299号尚林华庭28幢1901	华润置地（苏州）建设有限公司	住宅	1室1厅1卫	101.09	15558
陵镇芦荡路1299号尚林华庭28幢1902	华润置地（苏州）建设有限公司	住宅	1室1厅1卫	89.47	15658
陵镇芦荡路1299号尚林华庭28幢1903	华润置地（苏州）建设有限公司	住宅	1室1厅1卫	89.47	15658
陵镇芦荡路1299号尚林华庭28幢1904	华润置地（苏州）建设有限公司	住宅	1室1厅1卫	101.09	15508
陵镇芦荡路1299号尚林华庭28幢2001	华润置地（苏州）建设有限公司	住宅	1室1厅1卫	101.09	15548
陵镇芦荡路1299号尚林华庭28幢2002	华润置地（苏州）建设有限公司	住宅	1室1厅1卫	89.47	15648.01
陵镇芦荡路1299号尚林华庭28幢2003	华润置地（苏州）建设有限公司	住宅	1室1厅1卫	89.47	15648.01
陵镇芦荡路1299号尚林华庭28幢2004	华润置地（苏州）建设有限公司	住宅	1室1厅1卫	101.09	15498
陵镇芦荡路1299号尚林华庭28幢201	华润置地（苏州）建设有限公司	住宅	1室1厅1卫	101.09	14738
陵镇芦荡路1299号尚林华庭28幢202	华润置地（苏州）建设有限公司	住宅	1室1厅1卫	89.47	14838
陵镇芦荡路1299号尚林华庭28幢203	华润置地（苏州）建设有限公司	住宅	1室1厅1卫	89.47	14838
陵镇芦荡路1299号尚林华庭28幢204	华润置地（苏州）建设有限公司	住宅	1室1厅1卫	101.09	14688
陵镇芦荡路1299号尚林华庭28幢2101	华润置地（苏州）建设有限公司	住宅	1室1厅1卫	101.09	15538
陵镇芦荡路1299号尚林华庭28幢2102	华润置地（苏州）建设有限公司	住宅	1室1厅1卫	89.47	15638
陵镇芦荡路1299号尚林华庭28幢2103	华润置地（苏州）建设有限公司	住宅	1室1厅1卫	89.47	15638
陵镇芦荡路1299号尚林华庭28幢2104	华润置地（苏州）建设有限公司	住宅	1室1厅1卫	101.09	15488
陵镇芦荡路1299号尚林华庭28幢2201	华润置地（苏州）建设有限公司	住宅	1室1厅1卫	101.09	15528.01
陵镇芦荡路1299号尚林华庭28幢2202	华润置地（苏州）建设有限公司	住宅	1室1厅1卫	89.47	15628
陵镇芦荡路1299号尚林华庭28幢2203	华润置地（苏州）建设有限公司	住宅	1室1厅1卫	89.47	15628
陵镇芦荡路1299号尚林华庭28幢2204	华润置地（苏州）建设有限公司	住宅	1室1厅1卫	101.09	15478
陵镇芦荡路1299号尚林华庭28幢2301	华润置地（苏州）建设有限公司	住宅	1室1厅1卫	101.09	15518
陵镇芦荡路1299号尚林华庭28幢2302	华润置地（苏州）建设有限公司	住宅	1室1厅1卫	89.47	15618
陵镇芦荡路1299号尚林华庭28幢2303	华润置地（苏州）建设有限公司	住宅	1室1厅1卫	89.47	15618
陵镇芦荡路1299号尚林华庭28幢2304	华润置地（苏州）建设有限公司	住宅	1室1厅1卫	101.09	15468
陵镇芦荡路1299号尚林华庭28幢2401	华润置地（苏州）建设有限公司	住宅	1室1厅1卫	101.09	15518
陵镇芦荡路1299号尚林华庭28幢2402	华润置地（苏州）建设有限公司	住宅	1室1厅1卫	89.47	15618
陵镇芦荡路1299号尚林华庭28幢2403	华润置地（苏州）建设有限公司	住宅	1室1厅1卫	89.47	15618
陵镇芦荡路1299号尚林华庭28幢2404	华润置地（苏州）建设有限公司	住宅	1室1厅1卫	101.09	15468
陵镇芦荡路1299号尚林华庭28幢2501	华润置地（苏州）建设有限公司	住宅	1室1厅1卫	101.09	15508
陵镇芦荡路1299号尚林华庭28幢2502	华润置地（苏州）建设有限公司	住宅	1室1厅1卫	89.47	15608
陵镇芦荡路1299号尚林华庭28幢2503	华润置地（苏州）建设有限公司	住宅	1室1厅1卫	89.47	15608
陵镇芦荡路1299号尚林华庭28幢2504	华润置地（苏州）建设有限公司	住宅	1室1厅1卫	101.09	15458
陵镇芦荡路1299号尚林华庭28幢2601	华润置地（苏州）建设有限公司	住宅	1室1厅1卫	101.09	15008
陵镇芦荡路1299号尚林华庭28幢2602	华润置地（苏州）建设有限公司	住宅	1室1厅1卫	89.47	15108
陵镇芦荡路1299号尚林华庭28幢2603	华润置地（苏州）建设有限公司	住宅	1室1厅1卫	89.47	15108
陵镇芦荡路1299号尚林华庭28幢2604	华润置地（苏州）建设有限公司	住宅	1室1厅1卫	101.09	14958
陵镇芦荡路1299号尚林华庭28幢301	华润置地（苏州）建设有限公司	住宅	1室1厅1卫	101.09	14938
陵镇芦荡路1299号尚林华庭28幢302	华润置地（苏州）建设有限公司	住宅	1室1厅1卫	89.47	15038
陵镇芦荡路1299号尚林华庭28幢303	华润置地（苏州）建设有限公司	住宅	1室1厅1卫	89.47	15038
陵镇芦荡路1299号尚林华庭28幢304	华润置地（苏州）建设有限公司	住宅	1室1厅1卫	101.09	14888
陵镇芦荡路1299号尚林华庭28幢401	华润置地（苏州）建设有限公司	住宅	1室1厅1卫	101.09	14938
陵镇芦荡路1299号尚林华庭28幢402	华润置地（苏州）建设有限公司	住宅	1室1厅1卫	89.47	15038
陵镇芦荡路1299号尚林华庭28幢403	华润置地（苏州）建设有限公司	住宅	1室1厅1卫	89.47	15038
陵镇芦荡路1299号尚林华庭28幢404	华润置地（苏州）建设有限公司	住宅	1室1厅1卫	101.09	14888
陵镇芦荡路1299号尚林华庭28幢501	华润置地（苏州）建设有限公司	住宅	1室1厅1卫	101.09	14968
陵镇芦荡路1299号尚林华庭28幢502	华润置地（苏州）建设有限公司	住宅	1室1厅1卫	89.47	15068
陵镇芦荡路1299号尚林华庭28幢503	华润置地（苏州）建设有限公司	住宅	1室1厅1卫	89.47	15068
陵镇芦荡路1299号尚林华庭28幢504	华润置地（苏州）建设有限公司	住宅	1室1厅1卫	101.09	14918
陵镇芦荡路1299号尚林华庭28幢601	华润置地（苏州）建设有限公司	住宅	1室1厅1卫	101.09	14998
陵镇芦荡路1299号尚林华庭28幢602	华润置地（苏州）建设有限公司	住宅	1室1厅1卫	89.47	15098
陵镇芦荡路1299号尚林华庭28幢603	华润置地（苏州）建设有限公司	住宅	1室1厅1卫	89.47	15098
陵镇芦荡路1299号尚林华庭28幢604	华润置地（苏州）建设有限公司	住宅	1室1厅1卫	101.09	14948
陵镇芦荡路1299号尚林华庭28幢701	华润置地（苏州）建设有限公司	住宅	1室1厅1卫	101.09	15028.01
陵镇芦荡路1299号尚林华庭28幢702	华润置地（苏州）建设有限公司	住宅	1室1厅1卫	89.47	15128
陵镇芦荡路1299号尚林华庭28幢703	华润置地（苏州）建设有限公司	住宅	1室1厅1卫	89.47	15128
陵镇芦荡路1299号尚林华庭28幢704	华润置地（苏州）建设有限公司	住宅	1室1厅1卫	101.09	14978
陵镇芦荡路1299号尚林华庭28幢801	华润置地（苏州）建设有限公司	住宅	1室1厅1卫	101.09	15058
陵镇芦荡路1299号尚林华庭28幢802	华润置地（苏州）建设有限公司	住宅	1室1厅1卫	89.47	15158
陵镇芦荡路1299号尚林华庭28幢803	华润置地（苏州）建设有限公司	住宅	1室1厅1卫	89.47	15158
陵镇芦荡路1299号尚林华庭28幢804	华润置地（苏州）建设有限公司	住宅	1室1厅1卫	101.09	15008
陵镇芦荡路1299号尚林华庭28幢901	华润置地（苏州）建设有限公司	住宅	1室1厅1卫	101.09	15108
陵镇芦荡路1299号尚林华庭28幢902	华润置地（苏州）建设有限公司	住宅	1室1厅1卫	89.47	15208
陵镇芦荡路1299号尚林华庭28幢903	华润置地（苏州）建设有限公司	住宅	1室1厅1卫	89.47	15208
陵镇芦荡路1299号尚林华庭28幢904	华润置地（苏州）建设有限公司	住宅	1室1厅1卫	101.09	15058
陵镇芦荡路1299号尚林华庭29幢1001	华润置地（苏州）建设有限公司	住宅	1室1厅1卫	101.09	15158
陵镇芦荡路1299号尚林华庭29幢1002	华润置地（苏州）建设有限公司	住宅	1室1厅1卫	89.47	15258
陵镇芦荡路1299号尚林华庭29幢1003	华润置地（苏州）建设有限公司	住宅	1室1厅1卫	89.47	15258
陵镇芦荡路1299号尚林华庭29幢1004	华润置地（苏州）建设有限公司	住宅	1室1厅1卫	101.09	15108
陵镇芦荡路1299号尚林华庭29幢101	华润置地（苏州）建设有限公司	住宅	1室1厅1卫	101.09	14238
陵镇芦荡路1299号尚林华庭29幢102	华润置地（苏州）建设有限公司	住宅	1室1厅1卫	89.47	14338
陵镇芦荡路1299号尚林华庭29幢103	华润置地（苏州）建设有限公司	住宅	1室1厅1卫	89.47	14338
陵镇芦荡路1299号尚林华庭29幢104	华润置地（苏州）建设有限公司	住宅	1室1厅1卫	101.09	14188
陵镇芦荡路1299号尚林华庭29幢1101	华润置地（苏州）建设有限公司	住宅	1室1厅1卫	101.09	15208
陵镇芦荡路1299号尚林华庭29幢1102	华润置地（苏州）建设有限公司	住宅	1室1厅1卫	89.47	15308
陵镇芦荡路1299号尚林华庭29幢1103	华润置地（苏州）建设有限公司	住宅	1室1厅1卫	89.47	15308
陵镇芦荡路1299号尚林华庭29幢1104	华润置地（苏州）建设有限公司	住宅	1室1厅1卫	101.09	15158
陵镇芦荡路1299号尚林华庭29幢1201	华润置地（苏州）建设有限公司	住宅	1室1厅1卫	101.09	15258
陵镇芦荡路1299号尚林华庭29幢1202	华润置地（苏州）建设有限公司	住宅	1室1厅1卫	89.47	15358
陵镇芦荡路1299号尚林华庭29幢1203	华润置地（苏州）建设有限公司	住宅	1室1厅1卫	89.47	15358
陵镇芦荡路1299号尚林华庭29幢1204	华润置地（苏州）建设有限公司	住宅	1室1厅1卫	101.09	15208
陵镇芦荡路1299号尚林华庭29幢1301	华润置地（苏州）建设有限公司	住宅	1室1厅1卫	101.09	15308
陵镇芦荡路1299号尚林华庭29幢1302	华润置地（苏州）建设有限公司	住宅	1室1厅1卫	89.47	15408
陵镇芦荡路1299号尚林华庭29幢1303	华润置地（苏州）建设有限公司	住宅	1室1厅1卫	89.47	15408
陵镇芦荡路1299号尚林华庭29幢1304	华润置地（苏州）建设有限公司	住宅	1室1厅1卫	101.09	15258
陵镇芦荡路1299号尚林华庭29幢1401	华润置地（苏州）建设有限公司	住宅	1室1厅1卫	101.09	15308
陵镇芦荡路1299号尚林华庭29幢1402	华润置地（苏州）建设有限公司	住宅	1室1厅1卫	89.47	15408
陵镇芦荡路1299号尚林华庭29幢1403	华润置地（苏州）建设有限公司	住宅	1室1厅1卫	89.47	15408
陵镇芦荡路1299号尚林华庭29幢1404	华润置地（苏州）建设有限公司	住宅	1室1厅1卫	101.09	15258
陵镇芦荡路1299号尚林华庭29幢1501	华润置地（苏州）建设有限公司	住宅	1室1厅1卫	101.09	15358
陵镇芦荡路1299号尚林华庭29幢1502	华润置地（苏州）建设有限公司	住宅	1室1厅1卫	89.47	15458
陵镇芦荡路1299号尚林华庭29幢1503	华润置地（苏州）建设有限公司	住宅	1室1厅1卫	89.47	15458
陵镇芦荡路1299号尚林华庭29幢1504	华润置地（苏州）建设有限公司	住宅	1室1厅1卫	101.09	15308
陵镇芦荡路1299号尚林华庭29幢1601	华润置地（苏州）建设有限公司	住宅	1室1厅1卫	101.09	15408
陵镇芦荡路1299号尚林华庭29幢1602	华润置地（苏州）建设有限公司	住宅	1室1厅1卫	89.47	15508
陵镇芦荡路1299号尚林华庭29幢1603	华润置地（苏州）建设有限公司	住宅	1室1厅1卫	89.47	15508
陵镇芦荡路1299号尚林华庭29幢1604	华润置地（苏州）建设有限公司	住宅	1室1厅1卫	101.09	15358
陵镇芦荡路1299号尚林华庭29幢1701	华润置地（苏州）建设有限公司	住宅	1室1厅1卫	101.09	15458
陵镇芦荡路1299号尚林华庭29幢1702	华润置地（苏州）建设有限公司	住宅	1室1厅1卫	89.47	15558
陵镇芦荡路1299号尚林华庭29幢1703	华润置地（苏州）建设有限公司	住宅	1室1厅1卫	89.47	15558
陵镇芦荡路1299号尚林华庭29幢1704	华润置地（苏州）建设有限公司	住宅	1室1厅1卫	101.09	15408
陵镇芦荡路1299号尚林华庭29幢1801	华润置地（苏州）建设有限公司	住宅	1室1厅1卫	101.09	15508
陵镇芦荡路1299号尚林华庭29幢1802	华润置地（苏州）建设有限公司	住宅	1室1厅1卫	89.47	15608
陵镇芦荡路1299号尚林华庭29幢1803	华润置地（苏州）建设有限公司	住宅	1室1厅1卫	89.47	15608
陵镇芦荡路1299号尚林华庭29幢1804	华润置地（苏州）建设有限公司	住宅	1室1厅1卫	101.09	15458
陵镇芦荡路1299号尚林华庭29幢1901	华润置地（苏州）建设有限公司	住宅	1室1厅1卫	101.09	15558
陵镇芦荡路1299号尚林华庭29幢1902	华润置地（苏州）建设有限公司	住宅	1室1厅1卫	89.47	15658
陵镇芦荡路1299号尚林华庭29幢1903	华润置地（苏州）建设有限公司	住宅	1室1厅1卫	89.47	15658
陵镇芦荡路1299号尚林华庭29幢1904	华润置地（苏州）建设有限公司	住宅	1室1厅1卫	101.09	15508
陵镇芦荡路1299号尚林华庭29幢2001	华润置地（苏州）建设有限公司	住宅	1室1厅1卫	101.09	15548
陵镇芦荡路1299号尚林华庭29幢2002	华润置地（苏州）建设有限公司	住宅	1室1厅1卫	89.47	15648.01
陵镇芦荡路1299号尚林华庭29幢2003	华润置地（苏州）建设有限公司	住宅	1室1厅1卫	89.47	15648.01
陵镇芦荡路1299号尚林华庭29幢2004	华润置地（苏州）建设有限公司	住宅	1室1厅1卫	101.09	15498
陵镇芦荡路1299号尚林华庭29幢201	华润置地（苏州）建设有限公司	住宅	1室1厅1卫	101.09	14738
陵镇芦荡路1299号尚林华庭29幢202	华润置地（苏州）建设有限公司	住宅	1室1厅1卫	89.47	14838
陵镇芦荡路1299号尚林华庭29幢203	华润置地（苏州）建设有限公司	住宅	1室1厅1卫	89.47	14838
陵镇芦荡路1299号尚林华庭29幢204	华润置地（苏州）建设有限公司	住宅	1室1厅1卫	101.09	14688
陵镇芦荡路1299号尚林华庭29幢2101	华润置地（苏州）建设有限公司	住宅	1室1厅1卫	101.09	15538
陵镇芦荡路1299号尚林华庭29幢2102	华润置地（苏州）建设有限公司	住宅	1室1厅1卫	89.47	15638
陵镇芦荡路1299号尚林华庭29幢2103	华润置地（苏州）建设有限公司	住宅	1室1厅1卫	89.47	15638
陵镇芦荡路1299号尚林华庭29幢2104	华润置地（苏州）建设有限公司	住宅	1室1厅1卫	101.09	15488
陵镇芦荡路1299号尚林华庭29幢2201	华润置地（苏州）建设有限公司	住宅	1室1厅1卫	101.09	15528.01
陵镇芦荡路1299号尚林华庭29幢2202	华润置地（苏州）建设有限公司	住宅	1室1厅1卫	89.47	15628
陵镇芦荡路1299号尚林华庭29幢2203	华润置地（苏州）建设有限公司	住宅	1室1厅1卫	89.47	15628
陵镇芦荡路1299号尚林华庭29幢2204	华润置地（苏州）建设有限公司	住宅	1室1厅1卫	101.09	15478
陵镇芦荡路1299号尚林华庭29幢2301	华润置地（苏州）建设有限公司	住宅	1室1厅1卫	101.09	15518
陵镇芦荡路1299号尚林华庭29幢2302	华润置地（苏州）建设有限公司	住宅	1室1厅1卫	89.47	15618
陵镇芦荡路1299号尚林华庭29幢2303	华润置地（苏州）建设有限公司	住宅	1室1厅1卫	89.47	15618
陵镇芦荡路1299号尚林华庭29幢2304	华润置地（苏州）建设有限公司	住宅	1室1厅1卫	101.09	15468
陵镇芦荡路1299号尚林华庭29幢2401	华润置地（苏州）建设有限公司	住宅	1室1厅1卫	101.09	15518
陵镇芦荡路1299号尚林华庭29幢2402	华润置地（苏州）建设有限公司	住宅	1室1厅1卫	89.47	15618
陵镇芦荡路1299号尚林华庭29幢2403	华润置地（苏州）建设有限公司	住宅	1室1厅1卫	89.47	15618
陵镇芦荡路1299号尚林华庭29幢2404	华润置地（苏州）建设有限公司	住宅	1室1厅1卫	101.09	15468
陵镇芦荡路1299号尚林华庭29幢2501	华润置地（苏州）建设有限公司	住宅	1室1厅1卫	101.09	15508
陵镇芦荡路1299号尚林华庭29幢2502	华润置地（苏州）建设有限公司	住宅	1室1厅1卫	89.47	15608
陵镇芦荡路1299号尚林华庭29幢2503	华润置地（苏州）建设有限公司	住宅	1室1厅1卫	89.47	15608
陵镇芦荡路1299号尚林华庭29幢2504	华润置地（苏州）建设有限公司	住宅	1室1厅1卫	101.09	15458
陵镇芦荡路1299号尚林华庭29幢2601	华润置地（苏州）建设有限公司	住宅	1室1厅1卫	101.09	15008
陵镇芦荡路1299号尚林华庭29幢2602	华润置地（苏州）建设有限公司	住宅	1室1厅1卫	89.47	15108
陵镇芦荡路1299号尚林华庭29幢2603	华润置地（苏州）建设有限公司	住宅	1室1厅1卫	89.47	15108
陵镇芦荡路1299号尚林华庭29幢2604	华润置地（苏州）建设有限公司	住宅	1室1厅1卫	101.09	14958
陵镇芦荡路1299号尚林华庭29幢301	华润置地（苏州）建设有限公司	住宅	1室1厅1卫	101.09	14938
陵镇芦荡路1299号尚林华庭29幢302	华润置地（苏州）建设有限公司	住宅	1室1厅1卫	89.47	15038
陵镇芦荡路1299号尚林华庭29幢303	华润置地（苏州）建设有限公司	住宅	1室1厅1卫	89.47	15038
陵镇芦荡路1299号尚林华庭29幢304	华润置地（苏州）建设有限公司	住宅	1室1厅1卫	101.09	14888
陵镇芦荡路1299号尚林华庭29幢401	华润置地（苏州）建设有限公司	住宅	1室1厅1卫	101.09	14938
陵镇芦荡路1299号尚林华庭29幢402	华润置地（苏州）建设有限公司	住宅	1室1厅1卫	89.47	15038
陵镇芦荡路1299号尚林华庭29幢403	华润置地（苏州）建设有限公司	住宅	1室1厅1卫	89.47	15038
陵镇芦荡路1299号尚林华庭29幢404	华润置地（苏州）建设有限公司	住宅	1室1厅1卫	101.09	14888
陵镇芦荡路1299号尚林华庭29幢501	华润置地（苏州）建设有限公司	住宅	1室1厅1卫	101.09	14968
陵镇芦荡路1299号尚林华庭29幢502	华润置地（苏州）建设有限公司	住宅	1室1厅1卫	89.47	15068
陵镇芦荡路1299号尚林华庭29幢503	华润置地（苏州）建设有限公司	住宅	1室1厅1卫	89.47	15068
陵镇芦荡路1299号尚林华庭29幢504	华润置地（苏州）建设有限公司	住宅	1室1厅1卫	101.09	14918
陵镇芦荡路1299号尚林华庭29幢601	华润置地（苏州）建设有限公司	住宅	1室1厅1卫	101.09	14998
陵镇芦荡路1299号尚林华庭29幢602	华润置地（苏州）建设有限公司	住宅	1室1厅1卫	89.47	15098
陵镇芦荡路1299号尚林华庭29幢603	华润置地（苏州）建设有限公司	住宅	1室1厅1卫	89.47	15098
陵镇芦荡路1299号尚林华庭29幢604	华润置地（苏州）建设有限公司	住宅	1室1厅1卫	101.09	14948
陵镇芦荡路1299号尚林华庭29幢701	华润置地（苏州）建设有限公司	住宅	1室1厅1卫	101.09	15028.01
陵镇芦荡路1299号尚林华庭29幢702	华润置地（苏州）建设有限公司	住宅	1室1厅1卫	89.47	15128
陵镇芦荡路1299号尚林华庭29幢703	华润置地（苏州）建设有限公司	住宅	1室1厅1卫	89.47	15128
陵镇芦荡路1299号尚林华庭29幢704	华润置地（苏州）建设有限公司	住宅	1室1厅1卫	101.09	14978
陵镇芦荡路1299号尚林华庭29幢801	华润置地（苏州）建设有限公司	住宅	1室1厅1卫	101.09	15058
陵镇芦荡路1299号尚林华庭29幢802	华润置地（苏州）建设有限公司	住宅	1室1厅1卫	89.47	15158
陵镇芦荡路1299号尚林华庭29幢803	华润置地（苏州）建设有限公司	住宅	1室1厅1卫	89.47	15158
陵镇芦荡路1299号尚林华庭29幢804	华润置地（苏州）建设有限公司	住宅	1室1厅1卫	101.09	15008
陵镇芦荡路1299号尚林华庭29幢901	华润置地（苏州）建设有限公司	住宅	1室1厅1卫	101.09	15108
陵镇芦荡路1299号尚林华庭29幢902	华润置地（苏州）建设有限公司	住宅	1室1厅1卫	89.47	15208
陵镇芦荡路1299号尚林华庭29幢903	华润置地（苏州）建设有限公司	住宅	1室1厅1卫	89.47	15208
陵镇芦荡路1299号尚林华庭29幢904	华润置地（苏州）建设有限公司	住宅	1室1厅1卫	101.09	15058
陵镇芦荡路1299号尚林华庭2幢106	华润置地（苏州）建设有限公司	住宅	2室2厅2卫	117.13	17789.67
陵镇芦荡路1299号尚林华庭30幢1001	华润置地（苏州）建设有限公司	住宅	1室1厅1卫	101.53	15188
陵镇芦荡路1299号尚林华庭30幢1002	华润置地（苏州）建设有限公司	住宅	1室1厅1卫	89.57	15288
陵镇芦荡路1299号尚林华庭30幢1003	华润置地（苏州）建设有限公司	住宅	1室1厅1卫	89.57	15288
陵镇芦荡路1299号尚林华庭30幢1004	华润置地（苏州）建设有限公司	住宅	1室1厅1卫	101.53	15138
陵镇芦荡路1299号尚林华庭30幢101	华润置地（苏州）建设有限公司	住宅	1室1厅1卫	101.53	14268
陵镇芦荡路1299号尚林华庭30幢102	华润置地（苏州）建设有限公司	住宅	1室1厅1卫	89.57	14368
陵镇芦荡路1299号尚林华庭30幢103	华润置地（苏州）建设有限公司	住宅	1室1厅1卫	89.57	14368
陵镇芦荡路1299号尚林华庭30幢104	华润置地（苏州）建设有限公司	住宅	1室1厅1卫	101.53	14218.01
陵镇芦荡路1299号尚林华庭30幢1101	华润置地（苏州）建设有限公司	住宅	1室1厅1卫	101.53	15238
陵镇芦荡路1299号尚林华庭30幢1102	华润置地（苏州）建设有限公司	住宅	1室1厅1卫	89.57	15338
陵镇芦荡路1299号尚林华庭30幢1103	华润置地（苏州）建设有限公司	住宅	1室1厅1卫	89.57	15338
陵镇芦荡路1299号尚林华庭30幢1104	华润置地（苏州）建设有限公司	住宅	1室1厅1卫	101.53	15188
陵镇芦荡路1299号尚林华庭30幢1201	华润置地（苏州）建设有限公司	住宅	1室1厅1卫	101.53	15288
陵镇芦荡路1299号尚林华庭30幢1202	华润置地（苏州）建设有限公司	住宅	1室1厅1卫	89.57	15388
陵镇芦荡路1299号尚林华庭30幢1203	华润置地（苏州）建设有限公司	住宅	1室1厅1卫	89.57	15388
陵镇芦荡路1299号尚林华庭30幢1204	华润置地（苏州）建设有限公司	住宅	1室1厅1卫	101.53	15238
陵镇芦荡路1299号尚林华庭30幢1301	华润置地（苏州）建设有限公司	住宅	1室1厅1卫	101.53	15338
陵镇芦荡路1299号尚林华庭30幢1302	华润置地（苏州）建设有限公司	住宅	1室1厅1卫	89.57	15438
陵镇芦荡路1299号尚林华庭30幢1303	华润置地（苏州）建设有限公司	住宅	1室1厅1卫	89.57	15438
陵镇芦荡路1299号尚林华庭30幢1304	华润置地（苏州）建设有限公司	住宅	1室1厅1卫	101.53	15288
陵镇芦荡路1299号尚林华庭30幢1401	华润置地（苏州）建设有限公司	住宅	1室1厅1卫	101.53	15338
陵镇芦荡路1299号尚林华庭30幢1402	华润置地（苏州）建设有限公司	住宅	1室1厅1卫	89.57	15438
陵镇芦荡路1299号尚林华庭30幢1403	华润置地（苏州）建设有限公司	住宅	1室1厅1卫	89.57	15438
陵镇芦荡路1299号尚林华庭30幢1404	华润置地（苏州）建设有限公司	住宅	1室1厅1卫	101.53	15288
陵镇芦荡路1299号尚林华庭30幢1501	华润置地（苏州）建设有限公司	住宅	1室1厅1卫	101.53	15388
陵镇芦荡路1299号尚林华庭30幢1502	华润置地（苏州）建设有限公司	住宅	1室1厅1卫	89.57	15488
陵镇芦荡路1299号尚林华庭30幢1503	华润置地（苏州）建设有限公司	住宅	1室1厅1卫	89.57	15488
陵镇芦荡路1299号尚林华庭30幢1504	华润置地（苏州）建设有限公司	住宅	1室1厅1卫	101.53	15338
陵镇芦荡路1299号尚林华庭30幢1601	华润置地（苏州）建设有限公司	住宅	1室1厅1卫	101.53	15438
陵镇芦荡路1299号尚林华庭30幢1602	华润置地（苏州）建设有限公司	住宅	1室1厅1卫	89.57	15538
陵镇芦荡路1299号尚林华庭30幢1603	华润置地（苏州）建设有限公司	住宅	1室1厅1卫	89.57	15538
陵镇芦荡路1299号尚林华庭30幢1604	华润置地（苏州）建设有限公司	住宅	1室1厅1卫	101.53	15388
陵镇芦荡路1299号尚林华庭30幢1701	华润置地（苏州）建设有限公司	住宅	1室1厅1卫	101.53	15488
陵镇芦荡路1299号尚林华庭30幢1702	华润置地（苏州）建设有限公司	住宅	1室1厅1卫	89.57	15588
陵镇芦荡路1299号尚林华庭30幢1703	华润置地（苏州）建设有限公司	住宅	1室1厅1卫	89.57	15588
陵镇芦荡路1299号尚林华庭30幢1704	华润置地（苏州）建设有限公司	住宅	1室1厅1卫	101.53	15438
陵镇芦荡路1299号尚林华庭30幢1801	华润置地（苏州）建设有限公司	住宅	1室1厅1卫	101.53	15538
陵镇芦荡路1299号尚林华庭30幢1802	华润置地（苏州）建设有限公司	住宅	1室1厅1卫	89.57	15638
陵镇芦荡路1299号尚林华庭30幢1803	华润置地（苏州）建设有限公司	住宅	1室1厅1卫	89.57	15638
陵镇芦荡路1299号尚林华庭30幢1804	华润置地（苏州）建设有限公司	住宅	1室1厅1卫	101.53	15488
陵镇芦荡路1299号尚林华庭30幢1901	华润置地（苏州）建设有限公司	住宅	1室1厅1卫	101.53	15588
陵镇芦荡路1299号尚林华庭30幢1902	华润置地（苏州）建设有限公司	住宅	1室1厅1卫	89.57	15688
陵镇芦荡路1299号尚林华庭30幢1903	华润置地（苏州）建设有限公司	住宅	1室1厅1卫	89.57	15688
陵镇芦荡路1299号尚林华庭30幢1904	华润置地（苏州）建设有限公司	住宅	1室1厅1卫	101.53	15538
陵镇芦荡路1299号尚林华庭30幢2001	华润置地（苏州）建设有限公司	住宅	1室1厅1卫	101.53	15638
陵镇芦荡路1299号尚林华庭30幢2002	华润置地（苏州）建设有限公司	住宅	1室1厅1卫	89.57	15738
陵镇芦荡路1299号尚林华庭30幢2003	华润置地（苏州）建设有限公司	住宅	1室1厅1卫	89.57	15738
陵镇芦荡路1299号尚林华庭30幢2004	华润置地（苏州）建设有限公司	住宅	1室1厅1卫	101.53	15588
陵镇芦荡路1299号尚林华庭30幢201	华润置地（苏州）建设有限公司	住宅	1室1厅1卫	101.53	14768
陵镇芦荡路1299号尚林华庭30幢202	华润置地（苏州）建设有限公司	住宅	1室1厅1卫	89.57	14868
陵镇芦荡路1299号尚林华庭30幢203	华润置地（苏州）建设有限公司	住宅	1室1厅1卫	89.57	14868
陵镇芦荡路1299号尚林华庭30幢204	华润置地（苏州）建设有限公司	住宅	1室1厅1卫	101.53	14718.01
陵镇芦荡路1299号尚林华庭30幢2101	华润置地（苏州）建设有限公司	住宅	1室1厅1卫	101.53	15688
陵镇芦荡路1299号尚林华庭30幢2102	华润置地（苏州）建设有限公司	住宅	1室1厅1卫	89.57	15788
陵镇芦荡路1299号尚林华庭30幢2103	华润置地（苏州）建设有限公司	住宅	1室1厅1卫	89.57	15788
陵镇芦荡路1299号尚林华庭30幢2104	华润置地（苏州）建设有限公司	住宅	1室1厅1卫	101.53	15638
陵镇芦荡路1299号尚林华庭30幢2201	华润置地（苏州）建设有限公司	住宅	1室1厅1卫	101.53	15738
陵镇芦荡路1299号尚林华庭30幢2202	华润置地（苏州）建设有限公司	住宅	1室1厅1卫	89.57	15838
陵镇芦荡路1299号尚林华庭30幢2203	华润置地（苏州）建设有限公司	住宅	1室1厅1卫	89.57	15838
陵镇芦荡路1299号尚林华庭30幢2204	华润置地（苏州）建设有限公司	住宅	1室1厅1卫	101.53	15688
陵镇芦荡路1299号尚林华庭30幢2301	华润置地（苏州）建设有限公司	住宅	1室1厅1卫	101.53	15788
陵镇芦荡路1299号尚林华庭30幢2302	华润置地（苏州）建设有限公司	住宅	1室1厅1卫	89.57	15888
陵镇芦荡路1299号尚林华庭30幢2303	华润置地（苏州）建设有限公司	住宅	1室1厅1卫	89.57	15888
陵镇芦荡路1299号尚林华庭30幢2304	华润置地（苏州）建设有限公司	住宅	1室1厅1卫	101.53	15738
陵镇芦荡路1299号尚林华庭30幢2401	华润置地（苏州）建设有限公司	住宅	1室1厅1卫	101.53	15838
陵镇芦荡路1299号尚林华庭30幢2402	华润置地（苏州）建设有限公司	住宅	1室1厅1卫	89.57	15938
陵镇芦荡路1299号尚林华庭30幢2403	华润置地（苏州）建设有限公司	住宅	1室1厅1卫	89.57	15938
陵镇芦荡路1299号尚林华庭30幢2404	华润置地（苏州）建设有限公司	住宅	1室1厅1卫	101.53	15788
陵镇芦荡路1299号尚林华庭30幢2501	华润置地（苏州）建设有限公司	住宅	1室1厅1卫	101.53	15888
陵镇芦荡路1299号尚林华庭30幢2502	华润置地（苏州）建设有限公司	住宅	1室1厅1卫	89.57	15988
陵镇芦荡路1299号尚林华庭30幢2503	华润置地（苏州）建设有限公司	住宅	1室1厅1卫	89.57	15988
陵镇芦荡路1299号尚林华庭30幢2504	华润置地（苏州）建设有限公司	住宅	1室1厅1卫	101.53	15838
陵镇芦荡路1299号尚林华庭30幢2601	华润置地（苏州）建设有限公司	住宅	1室1厅1卫	101.53	15878
陵镇芦荡路1299号尚林华庭30幢2602	华润置地（苏州）建设有限公司	住宅	1室1厅1卫	89.57	15978
陵镇芦荡路1299号尚林华庭30幢2603	华润置地（苏州）建设有限公司	住宅	1室1厅1卫	89.57	15978
陵镇芦荡路1299号尚林华庭30幢2604	华润置地（苏州）建设有限公司	住宅	1室1厅1卫	101.53	15828
陵镇芦荡路1299号尚林华庭30幢2701	华润置地（苏州）建设有限公司	住宅	1室1厅1卫	101.53	15868
陵镇芦荡路1299号尚林华庭30幢2702	华润置地（苏州）建设有限公司	住宅	1室1厅1卫	89.57	15968
陵镇芦荡路1299号尚林华庭30幢2703	华润置地（苏州）建设有限公司	住宅	1室1厅1卫	89.57	15968
陵镇芦荡路1299号尚林华庭30幢2704	华润置地（苏州）建设有限公司	住宅	1室1厅1卫	101.53	15818.01
陵镇芦荡路1299号尚林华庭30幢2801	华润置地（苏州）建设有限公司	住宅	1室1厅1卫	101.53	15858
陵镇芦荡路1299号尚林华庭30幢2802	华润置地（苏州）建设有限公司	住宅	1室1厅1卫	89.57	15958
陵镇芦荡路1299号尚林华庭30幢2803	华润置地（苏州）建设有限公司	住宅	1室1厅1卫	89.57	15958
陵镇芦荡路1299号尚林华庭30幢2804	华润置地（苏州）建设有限公司	住宅	1室1厅1卫	101.53	15808
陵镇芦荡路1299号尚林华庭30幢2901	华润置地（苏州）建设有限公司	住宅	1室1厅1卫	101.53	15848
陵镇芦荡路1299号尚林华庭30幢2902	华润置地（苏州）建设有限公司	住宅	1室1厅1卫	89.57	15948
陵镇芦荡路1299号尚林华庭30幢2903	华润置地（苏州）建设有限公司	住宅	1室1厅1卫	89.57	15948
陵镇芦荡路1299号尚林华庭30幢2904	华润置地（苏州）建设有限公司	住宅	1室1厅1卫	101.53	15798
陵镇芦荡路1299号尚林华庭30幢3001	华润置地（苏州）建设有限公司	住宅	1室1厅1卫	101.53	15838
陵镇芦荡路1299号尚林华庭30幢3002	华润置地（苏州）建设有限公司	住宅	1室1厅1卫	89.57	15938
陵镇芦荡路1299号尚林华庭30幢3003	华润置地（苏州）建设有限公司	住宅	1室1厅1卫	89.57	15938
陵镇芦荡路1299号尚林华庭30幢3004	华润置地（苏州）建设有限公司	住宅	1室1厅1卫	101.53	15788
陵镇芦荡路1299号尚林华庭30幢301	华润置地（苏州）建设有限公司	住宅	1室1厅1卫	101.53	14968
陵镇芦荡路1299号尚林华庭30幢302	华润置地（苏州）建设有限公司	住宅	1室1厅1卫	89.57	15068
陵镇芦荡路1299号尚林华庭30幢303	华润置地（苏州）建设有限公司	住宅	1室1厅1卫	89.57	15068
陵镇芦荡路1299号尚林华庭30幢304	华润置地（苏州）建设有限公司	住宅	1室1厅1卫	101.53	14918.01
陵镇芦荡路1299号尚林华庭30幢3101	华润置地（苏州）建设有限公司	住宅	1室1厅1卫	101.53	15828
陵镇芦荡路1299号尚林华庭30幢3102	华润置地（苏州）建设有限公司	住宅	1室1厅1卫	89.57	15928
陵镇芦荡路1299号尚林华庭30幢3103	华润置地（苏州）建设有限公司	住宅	1室1厅1卫	89.57	15928
陵镇芦荡路1299号尚林华庭30幢3104	华润置地（苏州）建设有限公司	住宅	1室1厅1卫	101.53	15778
陵镇芦荡路1299号尚林华庭30幢3201	华润置地（苏州）建设有限公司	住宅	1室1厅1卫	101.53	15818.01
陵镇芦荡路1299号尚林华庭30幢3202	华润置地（苏州）建设有限公司	住宅	1室1厅1卫	89.57	15918
陵镇芦荡路1299号尚林华庭30幢3203	华润置地（苏州）建设有限公司	住宅	1室1厅1卫	89.57	15918
陵镇芦荡路1299号尚林华庭30幢3204	华润置地（苏州）建设有限公司	住宅	1室1厅1卫	101.53	15768
陵镇芦荡路1299号尚林华庭30幢3301	华润置地（苏州）建设有限公司	住宅	1室1厅1卫	101.53	15318.01
陵镇芦荡路1299号尚林华庭30幢3302	华润置地（苏州）建设有限公司	住宅	1室1厅1卫	89.57	15418
陵镇芦荡路1299号尚林华庭30幢3303	华润置地（苏州）建设有限公司	住宅	1室1厅1卫	89.57	15418
陵镇芦荡路1299号尚林华庭30幢3304	华润置地（苏州）建设有限公司	住宅	1室1厅1卫	101.53	15268
陵镇芦荡路1299号尚林华庭30幢401	华润置地（苏州）建设有限公司	住宅	1室1厅1卫	101.53	14968
陵镇芦荡路1299号尚林华庭30幢402	华润置地（苏州）建设有限公司	住宅	1室1厅1卫	89.57	15068
陵镇芦荡路1299号尚林华庭30幢403	华润置地（苏州）建设有限公司	住宅	1室1厅1卫	89.57	15068
陵镇芦荡路1299号尚林华庭30幢404	华润置地（苏州）建设有限公司	住宅	1室1厅1卫	101.53	14918.01
陵镇芦荡路1299号尚林华庭30幢501	华润置地（苏州）建设有限公司	住宅	1室1厅1卫	101.53	14998
陵镇芦荡路1299号尚林华庭30幢502	华润置地（苏州）建设有限公司	住宅	1室1厅1卫	89.57	15098
陵镇芦荡路1299号尚林华庭30幢503	华润置地（苏州）建设有限公司	住宅	1室1厅1卫	89.57	15098
陵镇芦荡路1299号尚林华庭30幢504	华润置地（苏州）建设有限公司	住宅	1室1厅1卫	101.53	14948
陵镇芦荡路1299号尚林华庭30幢601	华润置地（苏州）建设有限公司	住宅	1室1厅1卫	101.53	15028
陵镇芦荡路1299号尚林华庭30幢602	华润置地（苏州）建设有限公司	住宅	1室1厅1卫	89.57	15128
陵镇芦荡路1299号尚林华庭30幢603	华润置地（苏州）建设有限公司	住宅	1室1厅1卫	89.57	15128
陵镇芦荡路1299号尚林华庭30幢604	华润置地（苏州）建设有限公司	住宅	1室1厅1卫	101.53	14978
陵镇芦荡路1299号尚林华庭30幢701	华润置地（苏州）建设有限公司	住宅	1室1厅1卫	101.53	15058
陵镇芦荡路1299号尚林华庭30幢702	华润置地（苏州）建设有限公司	住宅	1室1厅1卫	89.57	15158
陵镇芦荡路1299号尚林华庭30幢703	华润置地（苏州）建设有限公司	住宅	1室1厅1卫	89.57	15158
陵镇芦荡路1299号尚林华庭30幢704	华润置地（苏州）建设有限公司	住宅	1室1厅1卫	101.53	15008
陵镇芦荡路1299号尚林华庭30幢801	华润置地（苏州）建设有限公司	住宅	1室1厅1卫	101.53	15088
陵镇芦荡路1299号尚林华庭30幢802	华润置地（苏州）建设有限公司	住宅	1室1厅1卫	89.57	15188
陵镇芦荡路1299号尚林华庭30幢803	华润置地（苏州）建设有限公司	住宅	1室1厅1卫	89.57	15188
陵镇芦荡路1299号尚林华庭30幢804	华润置地（苏州）建设有限公司	住宅	1室1厅1卫	101.53	15038
陵镇芦荡路1299号尚林华庭30幢901	华润置地（苏州）建设有限公司	住宅	1室1厅1卫	101.53	15138
陵镇芦荡路1299号尚林华庭30幢902	华润置地（苏州）建设有限公司	住宅	1室1厅1卫	89.57	15238
陵镇芦荡路1299号尚林华庭30幢903	华润置地（苏州）建设有限公司	住宅	1室1厅1卫	89.57	15238
陵镇芦荡路1299号尚林华庭30幢904	华润置地（苏州）建设有限公司	住宅	1室1厅1卫	101.53	15088
陵镇芦荡路1299号尚林华庭31幢1001	华润置地（苏州）建设有限公司	住宅	1室1厅1卫	101.31	14908
陵镇芦荡路1299号尚林华庭31幢1002	华润置地（苏州）建设有限公司	住宅	1室1厅1卫	89.39	15008
陵镇芦荡路1299号尚林华庭31幢1003	华润置地（苏州）建设有限公司	住宅	1室1厅1卫	89.39	15008
陵镇芦荡路1299号尚林华庭31幢1004	华润置地（苏州）建设有限公司	住宅	1室1厅1卫	101.31	14858
陵镇芦荡路1299号尚林华庭31幢101	华润置地（苏州）建设有限公司	住宅	1室1厅1卫	101.31	13988
陵镇芦荡路1299号尚林华庭31幢102	华润置地（苏州）建设有限公司	住宅	1室1厅1卫	89.39	14088
陵镇芦荡路1299号尚林华庭31幢103	华润置地（苏州）建设有限公司	住宅	1室1厅1卫	89.39	14088
陵镇芦荡路1299号尚林华庭31幢104	华润置地（苏州）建设有限公司	住宅	1室1厅1卫	101.31	13938
陵镇芦荡路1299号尚林华庭31幢1101	华润置地（苏州）建设有限公司	住宅	1室1厅1卫	101.31	14958
陵镇芦荡路1299号尚林华庭31幢1102	华润置地（苏州）建设有限公司	住宅	1室1厅1卫	89.39	15058
陵镇芦荡路1299号尚林华庭31幢1103	华润置地（苏州）建设有限公司	住宅	1室1厅1卫	89.39	15058
陵镇芦荡路1299号尚林华庭31幢1104	华润置地（苏州）建设有限公司	住宅	1室1厅1卫	101.31	14908
陵镇芦荡路1299号尚林华庭31幢1201	华润置地（苏州）建设有限公司	住宅	1室1厅1卫	101.31	15008
陵镇芦荡路1299号尚林华庭31幢1202	华润置地（苏州）建设有限公司	住宅	1室1厅1卫	89.39	15108
陵镇芦荡路1299号尚林华庭31幢1203	华润置地（苏州）建设有限公司	住宅	1室1厅1卫	89.39	15108
陵镇芦荡路1299号尚林华庭31幢1204	华润置地（苏州）建设有限公司	住宅	1室1厅1卫	101.31	14958
陵镇芦荡路1299号尚林华庭31幢1301	华润置地（苏州）建设有限公司	住宅	1室1厅1卫	101.31	15058
陵镇芦荡路1299号尚林华庭31幢1302	华润置地（苏州）建设有限公司	住宅	1室1厅1卫	89.39	15158
陵镇芦荡路1299号尚林华庭31幢1303	华润置地（苏州）建设有限公司	住宅	1室1厅1卫	89.39	15158
陵镇芦荡路1299号尚林华庭31幢1304	华润置地（苏州）建设有限公司	住宅	1室1厅1卫	101.31	15008
陵镇芦荡路1299号尚林华庭31幢1401	华润置地（苏州）建设有限公司	住宅	1室1厅1卫	101.31	15058
陵镇芦荡路1299号尚林华庭31幢1402	华润置地（苏州）建设有限公司	住宅	1室1厅1卫	89.39	15158
陵镇芦荡路1299号尚林华庭31幢1403	华润置地（苏州）建设有限公司	住宅	1室1厅1卫	89.39	15158
陵镇芦荡路1299号尚林华庭31幢1404	华润置地（苏州）建设有限公司	住宅	1室1厅1卫	101.31	15008
陵镇芦荡路1299号尚林华庭31幢1501	华润置地（苏州）建设有限公司	住宅	1室1厅1卫	101.31	15108
陵镇芦荡路1299号尚林华庭31幢1502	华润置地（苏州）建设有限公司	住宅	1室1厅1卫	89.39	15208
陵镇芦荡路1299号尚林华庭31幢1503	华润置地（苏州）建设有限公司	住宅	1室1厅1卫	89.39	15208
陵镇芦荡路1299号尚林华庭31幢1504	华润置地（苏州）建设有限公司	住宅	1室1厅1卫	101.31	15058
陵镇芦荡路1299号尚林华庭31幢1601	华润置地（苏州）建设有限公司	住宅	1室1厅1卫	101.31	15158
陵镇芦荡路1299号尚林华庭31幢1602	华润置地（苏州）建设有限公司	住宅	1室1厅1卫	89.39	15258
陵镇芦荡路1299号尚林华庭31幢1603	华润置地（苏州）建设有限公司	住宅	1室1厅1卫	89.39	15258
陵镇芦荡路1299号尚林华庭31幢1604	华润置地（苏州）建设有限公司	住宅	1室1厅1卫	101.31	15108
陵镇芦荡路1299号尚林华庭31幢1701	华润置地（苏州）建设有限公司	住宅	1室1厅1卫	101.31	15208
陵镇芦荡路1299号尚林华庭31幢1702	华润置地（苏州）建设有限公司	住宅	1室1厅1卫	89.39	15308
陵镇芦荡路1299号尚林华庭31幢1703	华润置地（苏州）建设有限公司	住宅	1室1厅1卫	89.39	15308
陵镇芦荡路1299号尚林华庭31幢1704	华润置地（苏州）建设有限公司	住宅	1室1厅1卫	101.31	15158
陵镇芦荡路1299号尚林华庭31幢1801	华润置地（苏州）建设有限公司	住宅	1室1厅1卫	101.31	15258
陵镇芦荡路1299号尚林华庭31幢1802	华润置地（苏州）建设有限公司	住宅	1室1厅1卫	89.39	15358
陵镇芦荡路1299号尚林华庭31幢1803	华润置地（苏州）建设有限公司	住宅	1室1厅1卫	89.39	15358
陵镇芦荡路1299号尚林华庭31幢1804	华润置地（苏州）建设有限公司	住宅	1室1厅1卫	101.31	15208
陵镇芦荡路1299号尚林华庭31幢1901	华润置地（苏州）建设有限公司	住宅	1室1厅1卫	101.31	15308
陵镇芦荡路1299号尚林华庭31幢1902	华润置地（苏州）建设有限公司	住宅	1室1厅1卫	89.39	15408
陵镇芦荡路1299号尚林华庭31幢1903	华润置地（苏州）建设有限公司	住宅	1室1厅1卫	89.39	15408
陵镇芦荡路1299号尚林华庭31幢1904	华润置地（苏州）建设有限公司	住宅	1室1厅1卫	101.31	15258
陵镇芦荡路1299号尚林华庭31幢2001	华润置地（苏州）建设有限公司	住宅	1室1厅1卫	101.31	15358
陵镇芦荡路1299号尚林华庭31幢2002	华润置地（苏州）建设有限公司	住宅	1室1厅1卫	89.39	15458
陵镇芦荡路1299号尚林华庭31幢2003	华润置地（苏州）建设有限公司	住宅	1室1厅1卫	89.39	15458
陵镇芦荡路1299号尚林华庭31幢2004	华润置地（苏州）建设有限公司	住宅	1室1厅1卫	101.31	15308
陵镇芦荡路1299号尚林华庭31幢201	华润置地（苏州）建设有限公司	住宅	1室1厅1卫	101.31	14488
陵镇芦荡路1299号尚林华庭31幢202	华润置地（苏州）建设有限公司	住宅	1室1厅1卫	89.39	14588
陵镇芦荡路1299号尚林华庭31幢203	华润置地（苏州）建设有限公司	住宅	1室1厅1卫	89.39	14588
陵镇芦荡路1299号尚林华庭31幢204	华润置地（苏州）建设有限公司	住宅	1室1厅1卫	101.31	14438
陵镇芦荡路1299号尚林华庭31幢2101	华润置地（苏州）建设有限公司	住宅	1室1厅1卫	101.31	15408
陵镇芦荡路1299号尚林华庭31幢2102	华润置地（苏州）建设有限公司	住宅	1室1厅1卫	89.39	15508
陵镇芦荡路1299号尚林华庭31幢2103	华润置地（苏州）建设有限公司	住宅	1室1厅1卫	89.39	15508
陵镇芦荡路1299号尚林华庭31幢2104	华润置地（苏州）建设有限公司	住宅	1室1厅1卫	101.31	15358
陵镇芦荡路1299号尚林华庭31幢2201	华润置地（苏州）建设有限公司	住宅	1室1厅1卫	101.31	15458
陵镇芦荡路1299号尚林华庭31幢2202	华润置地（苏州）建设有限公司	住宅	1室1厅1卫	89.39	15558
陵镇芦荡路1299号尚林华庭31幢2203	华润置地（苏州）建设有限公司	住宅	1室1厅1卫	89.39	15558
陵镇芦荡路1299号尚林华庭31幢2204	华润置地（苏州）建设有限公司	住宅	1室1厅1卫	101.31	15408
陵镇芦荡路1299号尚林华庭31幢2301	华润置地（苏州）建设有限公司	住宅	1室1厅1卫	101.31	15508
陵镇芦荡路1299号尚林华庭31幢2302	华润置地（苏州）建设有限公司	住宅	1室1厅1卫	89.39	15608
陵镇芦荡路1299号尚林华庭31幢2303	华润置地（苏州）建设有限公司	住宅	1室1厅1卫	89.39	15608
陵镇芦荡路1299号尚林华庭31幢2304	华润置地（苏州）建设有限公司	住宅	1室1厅1卫	101.31	15458
陵镇芦荡路1299号尚林华庭31幢2401	华润置地（苏州）建设有限公司	住宅	1室1厅1卫	101.31	15558
陵镇芦荡路1299号尚林华庭31幢2402	华润置地（苏州）建设有限公司	住宅	1室1厅1卫	89.39	15658
陵镇芦荡路1299号尚林华庭31幢2403	华润置地（苏州）建设有限公司	住宅	1室1厅1卫	89.39	15658
陵镇芦荡路1299号尚林华庭31幢2404	华润置地（苏州）建设有限公司	住宅	1室1厅1卫	101.31	15508
陵镇芦荡路1299号尚林华庭31幢2501	华润置地（苏州）建设有限公司	住宅	1室1厅1卫	101.31	15608
陵镇芦荡路1299号尚林华庭31幢2502	华润置地（苏州）建设有限公司	住宅	1室1厅1卫	89.39	15708
陵镇芦荡路1299号尚林华庭31幢2503	华润置地（苏州）建设有限公司	住宅	1室1厅1卫	89.39	15708
陵镇芦荡路1299号尚林华庭31幢2504	华润置地（苏州）建设有限公司	住宅	1室1厅1卫	101.31	15558
陵镇芦荡路1299号尚林华庭31幢2601	华润置地（苏州）建设有限公司	住宅	1室1厅1卫	101.31	15598
陵镇芦荡路1299号尚林华庭31幢2602	华润置地（苏州）建设有限公司	住宅	1室1厅1卫	89.39	15698
陵镇芦荡路1299号尚林华庭31幢2603	华润置地（苏州）建设有限公司	住宅	1室1厅1卫	89.39	15698
陵镇芦荡路1299号尚林华庭31幢2604	华润置地（苏州）建设有限公司	住宅	1室1厅1卫	101.31	15548
陵镇芦荡路1299号尚林华庭31幢2701	华润置地（苏州）建设有限公司	住宅	1室1厅1卫	101.31	15588
陵镇芦荡路1299号尚林华庭31幢2702	华润置地（苏州）建设有限公司	住宅	1室1厅1卫	89.39	15688
陵镇芦荡路1299号尚林华庭31幢2703	华润置地（苏州）建设有限公司	住宅	1室1厅1卫	89.39	15688
陵镇芦荡路1299号尚林华庭31幢2704	华润置地（苏州）建设有限公司	住宅	1室1厅1卫	101.31	15538
陵镇芦荡路1299号尚林华庭31幢2801	华润置地（苏州）建设有限公司	住宅	1室1厅1卫	101.31	15578
陵镇芦荡路1299号尚林华庭31幢2802	华润置地（苏州）建设有限公司	住宅	1室1厅1卫	89.39	15678
陵镇芦荡路1299号尚林华庭31幢2803	华润置地（苏州）建设有限公司	住宅	1室1厅1卫	89.39	15678
陵镇芦荡路1299号尚林华庭31幢2804	华润置地（苏州）建设有限公司	住宅	1室1厅1卫	101.31	15528
陵镇芦荡路1299号尚林华庭31幢2901	华润置地（苏州）建设有限公司	住宅	1室1厅1卫	101.31	15568
陵镇芦荡路1299号尚林华庭31幢2902	华润置地（苏州）建设有限公司	住宅	1室1厅1卫	89.39	15668.01
陵镇芦荡路1299号尚林华庭31幢2903	华润置地（苏州）建设有限公司	住宅	1室1厅1卫	89.39	15668.01
陵镇芦荡路1299号尚林华庭31幢2904	华润置地（苏州）建设有限公司	住宅	1室1厅1卫	101.31	15518
陵镇芦荡路1299号尚林华庭31幢3001	华润置地（苏州）建设有限公司	住宅	1室1厅1卫	101.31	15558
陵镇芦荡路1299号尚林华庭31幢3002	华润置地（苏州）建设有限公司	住宅	1室1厅1卫	89.39	15658
陵镇芦荡路1299号尚林华庭31幢3003	华润置地（苏州）建设有限公司	住宅	1室1厅1卫	89.39	15658
陵镇芦荡路1299号尚林华庭31幢3004	华润置地（苏州）建设有限公司	住宅	1室1厅1卫	101.31	15508
陵镇芦荡路1299号尚林华庭31幢301	华润置地（苏州）建设有限公司	住宅	1室1厅1卫	101.31	14688
陵镇芦荡路1299号尚林华庭31幢302	华润置地（苏州）建设有限公司	住宅	1室1厅1卫	89.39	14788
陵镇芦荡路1299号尚林华庭31幢303	华润置地（苏州）建设有限公司	住宅	1室1厅1卫	89.39	14788
陵镇芦荡路1299号尚林华庭31幢304	华润置地（苏州）建设有限公司	住宅	1室1厅1卫	101.31	14638
陵镇芦荡路1299号尚林华庭31幢3101	华润置地（苏州）建设有限公司	住宅	1室1厅1卫	101.31	15548
陵镇芦荡路1299号尚林华庭31幢3102	华润置地（苏州）建设有限公司	住宅	1室1厅1卫	89.39	15648
陵镇芦荡路1299号尚林华庭31幢3103	华润置地（苏州）建设有限公司	住宅	1室1厅1卫	89.39	15648
陵镇芦荡路1299号尚林华庭31幢3104	华润置地（苏州）建设有限公司	住宅	1室1厅1卫	101.31	15498
陵镇芦荡路1299号尚林华庭31幢3201	华润置地（苏州）建设有限公司	住宅	1室1厅1卫	101.31	15048
陵镇芦荡路1299号尚林华庭31幢3202	华润置地（苏州）建设有限公司	住宅	1室1厅1卫	89.39	15148
陵镇芦荡路1299号尚林华庭31幢3203	华润置地（苏州）建设有限公司	住宅	1室1厅1卫	89.39	15148
陵镇芦荡路1299号尚林华庭31幢3204	华润置地（苏州）建设有限公司	住宅	1室1厅1卫	101.31	14998
陵镇芦荡路1299号尚林华庭31幢401	华润置地（苏州）建设有限公司	住宅	1室1厅1卫	101.31	14688
陵镇芦荡路1299号尚林华庭31幢402	华润置地（苏州）建设有限公司	住宅	1室1厅1卫	89.39	14788
陵镇芦荡路1299号尚林华庭31幢403	华润置地（苏州）建设有限公司	住宅	1室1厅1卫	89.39	14788
陵镇芦荡路1299号尚林华庭31幢404	华润置地（苏州）建设有限公司	住宅	1室1厅1卫	101.31	14638
陵镇芦荡路1299号尚林华庭31幢501	华润置地（苏州）建设有限公司	住宅	1室1厅1卫	101.31	14718
陵镇芦荡路1299号尚林华庭31幢502	华润置地（苏州）建设有限公司	住宅	1室1厅1卫	89.39	14818
陵镇芦荡路1299号尚林华庭31幢503	华润置地（苏州）建设有限公司	住宅	1室1厅1卫	89.39	14818
陵镇芦荡路1299号尚林华庭31幢504	华润置地（苏州）建设有限公司	住宅	1室1厅1卫	101.31	14668
陵镇芦荡路1299号尚林华庭31幢601	华润置地（苏州）建设有限公司	住宅	1室1厅1卫	101.31	14748
陵镇芦荡路1299号尚林华庭31幢602	华润置地（苏州）建设有限公司	住宅	1室1厅1卫	89.39	14848
陵镇芦荡路1299号尚林华庭31幢603	华润置地（苏州）建设有限公司	住宅	1室1厅1卫	89.39	14848
陵镇芦荡路1299号尚林华庭31幢604	华润置地（苏州）建设有限公司	住宅	1室1厅1卫	101.31	14698
陵镇芦荡路1299号尚林华庭31幢701	华润置地（苏州）建设有限公司	住宅	1室1厅1卫	101.31	14778
陵镇芦荡路1299号尚林华庭31幢702	华润置地（苏州）建设有限公司	住宅	1室1厅1卫	89.39	14878
陵镇芦荡路1299号尚林华庭31幢703	华润置地（苏州）建设有限公司	住宅	1室1厅1卫	89.39	14878
陵镇芦荡路1299号尚林华庭31幢704	华润置地（苏州）建设有限公司	住宅	1室1厅1卫	101.31	14728
陵镇芦荡路1299号尚林华庭31幢801	华润置地（苏州）建设有限公司	住宅	1室1厅1卫	101.31	14808
陵镇芦荡路1299号尚林华庭31幢802	华润置地（苏州）建设有限公司	住宅	1室1厅1卫	89.39	14908
陵镇芦荡路1299号尚林华庭31幢803	华润置地（苏州）建设有限公司	住宅	1室1厅1卫	89.39	14908
陵镇芦荡路1299号尚林华庭31幢804	华润置地（苏州）建设有限公司	住宅	1室1厅1卫	101.31	14758
陵镇芦荡路1299号尚林华庭31幢901	华润置地（苏州）建设有限公司	住宅	1室1厅1卫	101.31	14858
陵镇芦荡路1299号尚林华庭31幢902	华润置地（苏州）建设有限公司	住宅	1室1厅1卫	89.39	14958
陵镇芦荡路1299号尚林华庭31幢903	华润置地（苏州）建设有限公司	住宅	1室1厅1卫	89.39	14958
陵镇芦荡路1299号尚林华庭31幢904	华润置地（苏州）建设有限公司	住宅	1室1厅1卫	101.31	14808
陵镇芦荡路1299号尚林华庭4幢101	华润置地（苏州）建设有限公司	住宅	2室2厅2卫	117	17798.02
陵镇芦荡路1299号尚林华庭5幢101	华润置地（苏州）建设有限公司	住宅	2室2厅2卫	117.15	18281.34
陵镇芦荡路1299号尚林华庭5幢102	华润置地（苏州）建设有限公司	住宅	2室2厅2卫	117.13	18181.34
陵镇芦荡路1299号尚林华庭5幢103	华润置地（苏州）建设有限公司	住宅	2室2厅2卫	117.13	18081.34
陵镇芦荡路1299号尚林华庭5幢104	华润置地（苏州）建设有限公司	住宅	2室2厅2卫	117.15	18081.34
陵镇芦荡路1299号尚林华庭5幢105	华润置地（苏州）建设有限公司	住宅	2室2厅2卫	117.15	18181.34
陵镇芦荡路1299号尚林华庭5幢106	华润置地（苏州）建设有限公司	住宅	2室2厅2卫	117.13	18231.34
陵镇芦荡路1299号尚林华庭5幢305	华润置地（苏州）建设有限公司	住宅	2室2厅2卫	117.15	18481.34
陵镇芦荡路1299号尚林华庭5幢501	华润置地（苏州）建设有限公司	住宅	2室2厅2卫	117.15	18781.34
陵镇芦荡路1299号尚林华庭6幢101	华润置地（苏州）建设有限公司	住宅	2室2厅2卫	117.15	18506.33
陵镇芦荡路1299号尚林华庭6幢104	华润置地（苏州）建设有限公司	住宅	2室2厅2卫	117.15	18406.33
陵镇芦荡路1299号尚林华庭6幢306	华润置地（苏州）建设有限公司	住宅	2室2厅2卫	117.13	18856.34
陵镇芦荡路1299号尚林华庭7幢106	华润置地（苏州）建设有限公司	住宅	2室2厅2卫	117.13	18531.34
陵镇芦荡路1299号尚林华庭8幢101	华润置地（苏州）建设有限公司	住宅	2室2厅2卫	117.15	18009.67
陵镇芦荡路1299号尚林华庭8幢102	华润置地（苏州）建设有限公司	住宅	2室2厅2卫	117.13	17989.67
陵镇芦荡路1299号尚林华庭8幢103	华润置地（苏州）建设有限公司	住宅	2室2厅2卫	117.13	17909.67
陵镇芦荡路1299号尚林华庭8幢104	华润置地（苏州）建设有限公司	住宅	2室2厅2卫	117.15	17909.67
陵镇芦荡路1299号尚林华庭8幢105	华润置地（苏州）建设有限公司	住宅	2室2厅2卫	117.15	18009.67
陵镇芦荡路1299号尚林华庭8幢106	华润置地（苏州）建设有限公司	住宅	2室2厅2卫	117.13	18009.67
